id,profit
6701,7.629827
6702,31.035328
6703,1.311116
6704,3.9464853
6705,25.867308
6706,77.22244
6707,9.477305
6708,16.229244
6709,6.0090823
6710,44.04514
6711,-28.9074
6712,7.425666
6713,42.669777
6714,9.976388
6715,6.698086
6716,3.5853844
6717,8.627004
6718,43.279495
6719,16.104916
6720,3.5667496
6721,13.150648
6722,11.580715
6723,15.938897
6724,5.5845075
6725,4.5744452
6726,3.3507724
6727,33.822094
6728,-43.1578
6729,2.7282538
6730,52.984894
6731,1.3194321
6732,5.404103
6733,2.503972
6734,3.2737813
6735,45.055546
6736,0.44611013
6737,-0.24619858
6738,3.37174
6739,21.962145
6740,152.21771
6741,2.160563
6742,5.156221
6743,-26.612043
6744,29.956686
6745,76.881165
6746,11.71117
6747,124.43345
6748,103.35194
6749,-19.808264
6750,2.503972
6751,1.2511607
6752,37.90818
6753,2.957391
6754,3.749405
6755,40.595142
6756,58.54079
6757,-57.961224
6758,-11.805959
6759,-41.344086
6760,-6.522688
6761,4.3572106
6762,18.129753
6763,143.60971
6764,2.529161
6765,5.433376
6766,15.226914
6767,-2.4022586
6768,36.672894
6769,16.496021
6770,45.37843
6771,1.7635612
6772,98.48763
6773,-187.17706
6774,161.72894
6775,-21.962095
6776,-13.324379
6777,-207.28659
6778,7.3569922
6779,1.358478
6780,70.44579
6781,30.251705
6782,7.9466243
6783,7.355742
6784,14.044891
6785,-19.171228
6786,10.000538
6787,151.28075
6788,2.891064
6789,-70.23519
6790,-119.182434
6791,-53.37842
6792,-8.394227
6793,-22.091608
6794,-34.269073
6795,18.71768
6796,12.335207
6797,2.367062
6798,-791.2359
6799,6.6646605
6800,4.112469
6801,32.965595
6802,6.6679077
6803,6.1634874
6804,-49.382214
6805,6.1469607
6806,5.932755
6807,-6.5187383
6808,5.3168645
6809,214.86485
6810,53.628853
6811,24.550838
6812,2.192354
6813,-87.61747
6814,2.3921053
6815,4.822355
6816,50.83482
6817,4.936593
6818,10.056676
6819,4.180633
6820,16.676592
6821,2.363361
6822,51.24237
6823,127.42014
6824,41.568745
6825,7.2372804
6826,45.85803
6827,-27.643705
6828,6.0842247
6829,3.511055
6830,12.61883
6831,-4.793285
6832,-2.4022586
6833,68.63546
6834,16.261654
6835,15.226998
6836,12.577329
6837,0.60625684
6838,1.8165865
6839,25.539927
6840,4.7475147
6841,4.041801
6842,6.74427
6843,13.932075
6844,19.55817
6845,3.1432924
6846,20.678602
6847,4.57368
6848,-48.50706
6849,5.4542155
6850,-16.389906
6851,-4.0625186
6852,-85.04
6853,-4.285682
6854,15.573954
6855,-20.079058
6856,33.101246
6857,4.967216
6858,15.953238
6859,2.7486176
6860,-270.3892
6861,4.889418
6862,29.053242
6863,10.384884
6864,-1.7085215
6865,-5.2071157
6866,3.6260757
6867,4.7835093
6868,13.505872
6869,27.711891
6870,29.029524
6871,106.750435
6872,103.62463
6873,-20.48157
6874,51.205544
6875,20.696884
6876,1.822514
6877,13.372817
6878,-3.22142
6879,99.63055
6880,37.619896
6881,-4.0529213
6882,3.508952
6883,3.4448295
6884,18.104565
6885,5.134774
6886,-234.93362
6887,11.19772
6888,3.5620728
6889,-4.508005
6890,3.8474107
6891,161.20786
6892,-70.97884
6893,18.598637
6894,46.270966
6895,20.882854
6896,170.33751
6897,1.0435163
6898,-446.5956
6899,9.32402
6900,120.58337
6901,-12.517941
6902,19.168537
6903,30.93863
6904,81.83151
6905,-4.091309
6906,-4.0529213
6907,62.499207
6908,9.362814
6909,41.10869
6910,13.889278
6911,29.617113
6912,26.09091
6913,5.7459817
6914,26.233791
6915,-10.329908
6916,2.226106
6917,-5.378015
6918,15.339872
6919,2.3348703
6920,-460.92014
6921,4.811755
6922,14.966975
6923,3.521638
6924,46.405323
6925,17.03496
6926,26.401768
6927,8.572318
6928,3.389807
6929,26.870363
6930,161.79704
6931,1.8347555
6932,10.270157
6933,6.5182176
6934,5.8759317
6935,20.280378
6936,9.507323
6937,-30.36667
6938,7.801976
6939,11.777876
6940,-3.9453633
6941,-3.719651
6942,7.5007744
6943,-36.774044
6944,10.272115
6945,5.7052016
6946,12.924189
6947,3.2065756
6948,9.791724
6949,4.4238467
6950,7.753437
6951,30.570276
6952,63.723816
6953,-3.6104877
6954,13.323126
6955,-4.5051303
6956,5.6247067
6957,4.631594
6958,151.23668
6959,107.73775
6960,7.860527
6961,24.797224
6962,107.188225
6963,4.5519342
6964,33.996124
6965,-3.0801883
6966,83.92018
6967,44.693134
6968,3.0760105
6969,62.616726
6970,9.544853
6971,4.014154
6972,13.142331
6973,123.725395
6974,-73.203255
6975,-447.04276
6976,4.7822447
6977,21.109468
6978,58.381355
6979,5.0226502
6980,9.624555
6981,35.555855
6982,14.304846
6983,6.572904
6984,54.672768
6985,31.10366
6986,43.616
6987,4.6528287
6988,-10.370871
6989,8.844816
6990,9.514382
6991,127.03204
6992,2.6169605
6993,1.5949956
6994,75.27716
6995,65.808395
6996,26.563791
6997,17.112457
6998,79.67913
6999,124.18839
7000,3.2429218
7001,38.006508
7002,66.81146
7003,58.713158
7004,121.45128
7005,8.403622
7006,109.71392
7007,13.118174
7008,9.612434
7009,82.62734
7010,10.172805
7011,11.33624
7012,130.5864
7013,-4.07811
7014,13.159751
7015,1.8347555
7016,23.677202
7017,6.623611
7018,29.3105
7019,8.238927
7020,135.81776
7021,38.980778
7022,6.090995
7023,21.888687
7024,154.79642
7025,-18.180683
7026,15.8990755
7027,174.54645
7028,30.76335
7029,-83.11662
7030,1.7818989
7031,-66.77349
7032,20.365023
7033,-54.798813
7034,5.0026402
7035,47.097942
7036,2.8206081
7037,7.6810718
7038,3.6403046
7039,19.908796
7040,7.0683904
7041,5.974608
7042,20.65282
7043,16.13159
7044,0.5810679
7045,23.945583
7046,104.78857
7047,-29.799486
7048,22.402414
7049,-3.5676599
7050,3.002519
7051,21.230537
7052,51.173687
7053,5.3519354
7054,3.912998
7055,8.678366
7056,18.01896
7057,44.277294
7058,9.148274
7059,-129.03076
7060,-70.74708
7061,-216.63345
7062,-7.3758407
7063,28.479841
7064,3.9174113
7065,117.94894
7066,80.486275
7067,108.58835
7068,12.501444
7069,23.7226
7070,4.907555
7071,7.250251
7072,7.148839
7073,5.2655706
7074,96.650185
7075,16.517323
7076,2.1332886
7077,19.81702
7078,8.2640915
7079,9.482141
7080,48.87941
7081,162.72366
7082,9.468935
7083,71.54316
7084,1.1241947
7085,72.27955
7086,83.47722
7087,10.562208
7088,0.5398085
7089,-12.902319
7090,1.5230241
7091,15.08201
7092,8.298808
7093,9.041892
7094,39.52468
7095,0.44917244
7096,-20.010952
7097,15.522308
7098,129.58336
7099,16.645998
7100,25.847086
7101,109.65172
7102,33.71556
7103,1.8322743
7104,32.087605
7105,-2.4810014
7106,14.250577
7107,61.00906
7108,8.186256
7109,32.05733
7110,157.92519
7111,-0.10308868
7112,5.828811
7113,2.596742
7114,7.463249
7115,24.469645
7116,-78.33788
7117,1.5883176
7118,-1.7134278
7119,11.401898
7120,1.8971944
7121,41.845387
7122,-16.117226
7123,-13.353573
7124,-8.873409
7125,0.4120082
7126,3.5266402
7127,3.5203462
7128,10.446135
7129,63.077873
7130,-99.59497
7131,-12.939016
7132,10.690224
7133,-4.0529213
7134,26.682486
7135,1.7343767
7136,65.355446
7137,85.24145
7138,23.626265
7139,37.01186
7140,5.6455584
7141,8.969406
7142,38.53986
7143,3.1383288
7144,18.696476
7145,18.421858
7146,3.5458581
7147,16.750393
7148,12.035268
7149,-19.981049
7150,6.1854897
7151,6.640485
7152,73.82415
7153,28.972015
7154,138.50519
7155,24.53127
7156,13.031577
7157,-33.435257
7158,212.08844
7159,-8.949875
7160,-49.8461
7161,-1.938126
7162,21.0937
7163,8.966654
7164,10.291289
7165,8.5139065
7166,18.485943
7167,135.50279
7168,-93.92312
7169,7.2258754
7170,24.584192
7171,4.7662644
7172,-13.126553
7173,13.726183
7174,5.3165307
7175,76.23859
7176,4.230023
7177,66.89779
7178,13.713961
7179,21.997293
7180,1.3518097
7181,112.16906
7182,11.296047
7183,-4.792013
7184,2.2938833
7185,35.52365
7186,6.4019995
7187,6.8195887
7188,5.8512783
7189,-22.993149
7190,48.44605
7191,40.065845
7192,123.62209
7193,2.5379875
7194,50.682827
7195,17.546844
7196,-8.350355
7197,16.827873
7198,28.443478
7199,8.006866
7200,2.213082
7201,5.567843
7202,-4.5434384
7203,12.318886
7204,45.653896
7205,-210.774
7206,-34.795406
7207,-6.821272
7208,1.607359
7209,-15.136871
7210,-6.873993
7211,6.6785183
7212,10.367338
7213,12.36577
7214,3.4906995
7215,4.4231877
7216,77.02061
7217,10.496131
7218,-24.859705
7219,-10.803046
7220,10.665984
7221,1.4252707
7222,-14.856967
7223,9.381183
7224,-37.941006
7225,2.2359571
7226,-9.162538
7227,60.146427
7228,18.501446
7229,-25.062145
7230,-24.230736
7231,6.147982
7232,3.220608
7233,15.733767
7234,1.0575491
7235,45.11311
7236,-137.66869
7237,2.9197142
7238,28.15141
7239,-114.00186
7240,-11.710245
7241,1.8070854
7242,2.2107682
7243,3.9212964
7244,-1.6136066
7245,2.757796
7246,3.479456
7247,3.035498
7248,-53.748302
7249,74.3689
7250,16.57687
7251,15.096923
7252,3.085428
7253,6.978453
7254,-4.116498
7255,15.625071
7256,-0.5889925
7257,2.7300556
7258,46.826553
7259,3.7987103
7260,-0.80620736
7261,-6.10668
7262,-4.288168
7263,0.80839264
7264,36.86147
7265,21.605032
7266,-17.095324
7267,-11.655479
7268,4.6528287
7269,6.483535
7270,14.167005
7271,8.181441
7272,9.519664
7273,23.955008
7274,25.472345
7275,-22.642506
7276,-1.8353165
7277,9.519664
7278,20.448637
7279,11.630126
7280,-51.096756
7281,32.762024
7282,1.6893427
7283,-8.96492
7284,-401.87698
7285,-3.0411413
7286,-6.6699324
7287,-93.55739
7288,-196.0235
7289,-4.091309
7290,-9.017256
7291,73.681885
7292,2.2359571
7293,16.65152
7294,20.963297
7295,208.42386
7296,81.88995
7297,11.594441
7298,83.682495
7299,83.87949
7300,43.14153
7301,53.124783
7302,4.8012557
7303,10.758383
7304,6.6583104
7305,89.190125
7306,4.411984
7307,51.76439
7308,2.1719298
7309,7.6707582
7310,32.307556
7311,7.533439
7312,19.920795
7313,14.223608
7314,2.9488099
7315,27.383062
7316,-77.054665
7317,134.03357
7318,19.632837
7319,0.06766955
7320,2.6298895
7321,14.2636795
7322,4.4913783
7323,28.519358
7324,9.226141
7325,105.79625
7326,127.16764
7327,3.3802094
7328,6.970542
7329,4.228313
7330,0.97676927
7331,41.15025
7332,-9.752553
7333,-4.0708637
7334,4.5851593
7335,11.298763
7336,34.29756
7337,2.1796045
7338,10.835906
7339,4.709912
7340,3.9298859
7341,3.9827187
7342,-18.446554
7343,15.569601
7344,24.58726
7345,4.7662644
7346,1.2350515
7347,2.4363139
7348,37.098938
7349,-11.628704
7350,2.705381
7351,-9.100576
7352,12.463708
7353,8.8397255
7354,85.51998
7355,6.40248
7356,-41.668407
7357,-13.429638
7358,-4.8296895
7359,6.752008
7360,8.099067
7361,61.82364
7362,3.2370136
7363,152.79482
7364,-27.61183
7365,134.33023
7366,15.971545
7367,3.6416674
7368,1.384124
7369,3.4662566
7370,3.072411
7371,-4.04277
7372,33.45066
7373,49.27532
7374,13.517274
7375,9.265259
7376,8.4200535
7377,18.189018
7378,2.723819
7379,0.39523432
7380,2.1366506
7381,14.56214
7382,-17.178835
7383,10.989823
7384,60.07593
7385,-1.1057999
7386,12.631212
7387,51.996166
7388,8.846697
7389,-9.840022
7390,4.1577725
7391,-3.2416582
7392,12.956513
7393,87.5914
7394,1.2718556
7395,12.302601
7396,1.312286
7397,14.604813
7398,31.241955
7399,3.095052
7400,46.718468
7401,2.3293076
7402,12.368806
7403,7.3808136
7404,-51.537865
7405,1.868625
7406,110.21177
7407,18.20424
7408,54.78321
7409,17.698654
7410,102.17505
7411,152.96045
7412,7.9078655
7413,118.236595
7414,-38.696045
7415,13.5793705
7416,5.492099
7417,11.999475
7418,2.613909
7419,20.32986
7420,17.112457
7421,0.8377279
7422,2.8069675
7423,5.3961787
7424,2.0808723
7425,-10.7198925
7426,-3.1663268
7427,-2.5406306
7428,5.592661
7429,64.62348
7430,10.384701
7431,54.73865
7432,11.272658
7433,39.080692
7434,159.36473
7435,18.173422
7436,17.124031
7437,-11.671438
7438,-1.591665
7439,34.272385
7440,83.03655
7441,88.85633
7442,117.49426
7443,100.36805
7444,-21.792734
7445,130.03557
7446,-1.7593117
7447,4.198207
7448,58.135834
7449,-15.423927
7450,-5.808079
7451,8.685896
7452,4.7351665
7453,46.747196
7454,9.524322
7455,37.691475
7456,4.7523036
7457,-62.531345
7458,8.552302
7459,3.165036
7460,-74.91293
7461,7.5601826
7462,18.45887
7463,2.55706
7464,3.9555397
7465,35.62314
7466,2.8533876
7467,3.3449306
7468,16.589256
7469,2.2822287
7470,1.944405
7471,18.156673
7472,-50.635517
7473,4.7865295
7474,53.75163
7475,-2.7642322
7476,-8.898598
7477,128.3707
7478,13.587951
7479,14.370306
7480,3.3695884
7481,1.0865183
7482,4.498867
7483,0.76226103
7484,-35.570915
7485,2.226106
7486,-2.5485823
7487,12.866762
7488,162.88277
7489,20.423641
7490,1.1488297
7491,7.4849377
7492,2.2009172
7493,71.2668
7494,6.6856413
7495,6.4581366
7496,6.5560303
7497,29.65981
7498,123.89313
7499,8.671246
7500,28.534155
7501,10.139908
7502,13.237745
7503,70.91225
7504,31.879726
7505,1.824291
7506,-4.134281
7507,0.5110179
7508,6.9166293
7509,10.469299
7510,11.80088
7511,-7.6516247
7512,-181.2051
7513,15.48196
7514,3.6512647
7515,0.97676927
7516,76.547295
7517,31.058626
7518,17.293646
7519,-17.86041
7520,-109.938675
7521,59.05329
7522,-39.024185
7523,51.937965
7524,34.253334
7525,46.119656
7526,24.094286
7527,25.664715
7528,127.141335
7529,7.5842614
7530,125.56346
7531,23.110508
7532,25.17897
7533,40.129486
7534,-5.6131506
7535,-56.035698
7536,-1.4770474
7537,-1.6058774
7538,3.4948676
7539,0.32773474
7540,14.566235
7541,-0.5027963
7542,-174.58765
7543,4.300313
7544,0.7654775
7545,1.8322743
7546,24.22639
7547,46.909554
7548,7.4595466
7549,16.346771
7550,17.007565
7551,15.482049
7552,87.03561
7553,12.448654
7554,6.9812045
7555,6.81585
7556,-18.39623
7557,-147.91768
7558,-43.556213
7559,1.9851583
7560,19.924192
7561,8.667222
7562,30.028753
7563,3.9807284
7564,53.02117
7565,16.515257
7566,84.96875
7567,-16.662104
7568,-6.9782624
7569,13.794737
7570,208.80927
7571,135.1396
7572,68.894615
7573,7.1244874
7574,159.80797
7575,4.574199
7576,-92.237976
7577,6.027349
7578,152.74709
7579,24.443155
7580,131.35764
7581,172.07614
7582,17.675444
7583,-64.93324
7584,6.4525743
7585,16.071894
7586,0.34442723
7587,24.817778
7588,1.3786969
7589,4.911977
7590,12.407597
7591,27.251398
7592,49.56819
7593,35.93056
7594,-42.644672
7595,2.1716769
7596,21.52253
7597,82.397804
7598,27.398314
7599,5.259429
7600,23.097345
7601,26.535536
7602,5.510954
7603,52.07978
7604,28.925755
7605,56.781452
7606,13.719729
7607,72.21197
7608,18.129753
7609,7.6023827
7610,-4.8333874
7611,2.8396497
7612,-5.731981
7613,-246.63457
7614,19.153725
7615,-5.766625
7616,4.84536
7617,10.744731
7618,14.093433
7619,2.2497838
7620,6.640485
7621,-4.097115
7622,3.4116004
7623,6.428454
7624,1.9587189
7625,41.413017
7626,-49.22088
7627,1.5028099
7628,9.036278
7629,17.701649
7630,50.906384
7631,4.810853
7632,78.08878
7633,4.050298
7634,15.987059
7635,16.650414
7636,-69.55237
7637,-10.492017
7638,0.54940593
7639,11.306551
7640,-2.8113148
7641,6.8059587
7642,121.96903
7643,4.938213
7644,-28.281116
7645,39.181217
7646,3.5908244
7647,197.24567
7648,13.361275
7649,-7.750685
7650,-24.250725
7651,-2.579421
7652,-4.9149585
7653,93.64601
7654,29.552181
7655,16.515257
7656,7.8684106
7657,14.7620945
7658,44.863255
7659,27.245071
7660,-17.012747
7661,8.599641
7662,3.7772958
7663,9.544853
7664,87.51965
7665,-8.145256
7666,93.79575
7667,4.6706986
7668,18.043926
7669,34.642803
7670,3.225481
7671,3.649277
7672,-3.6801867
7673,-14.303887
7674,-30.790258
7675,208.19019
7676,22.661129
7677,-12.089513
7678,18.129753
7679,22.243193
7680,46.316288
7681,14.062991
7682,0.12309296
7683,-27.886843
7684,-6.6273527
7685,-6.6273527
7686,-56.58713
7687,153.93048
7688,82.472015
7689,56.521133
7690,172.31024
7691,30.143927
7692,118.00489
7693,5.3117166
7694,124.76232
7695,2.396304
7696,134.48781
7697,21.162304
7698,3.4941912
7699,19.30696
7700,124.87707
7701,8.56178
7702,6.798063
7703,-52.708405
7704,-59.858646
7705,-106.641945
7706,27.384096
7707,-138.17352
7708,58.359764
7709,7.171963
7710,50.61419
7711,-65.895584
7712,-12.983628
7713,4.0153685
7714,17.08013
7715,88.60196
7716,54.18059
7717,35.340054
7718,10.746952
7719,9.706188
7720,28.100395
7721,15.445866
7722,-437.3599
7723,3.9849923
7724,1.0144849
7725,46.15261
7726,19.574564
7727,0.5997948
7728,2.5072215
7729,101.57669
7730,14.601126
7731,-25.340899
7732,5.3756323
7733,2.8638
7734,5.334317
7735,140.04579
7736,137.68066
7737,56.677155
7738,73.04504
7739,-96.55845
7740,-114.76621
7741,5.00894
7742,-3.5222743
7743,21.457592
7744,22.867567
7745,7.8054185
7746,43.67958
7747,29.48916
7748,9.593153
7749,50.442524
7750,26.49483
7751,2.2087975
7752,30.560362
7753,21.616661
7754,21.780878
7755,4.208504
7756,9.138072
7757,5.8545465
7758,2.5109916
7759,-8.622103
7760,51.626995
7761,5.221466
7762,-21.69501
7763,80.69524
7764,6.8195887
7765,1.4205626
7766,-0.35468715
7767,-6.6332974
7768,-0.61052996
7769,24.633932
7770,52.19582
7771,4.808698
7772,-19.783075
7773,-9.390986
7774,-1.7565542
7775,0.4305416
7776,-4.7086024
7777,-50.00118
7778,-13.591913
7779,-118.0225
7780,-54.462605
7781,12.898247
7782,3.056601
7783,2.1925797
7784,-4.0529213
7785,8.711878
7786,-45.537292
7787,27.521902
7788,53.75163
7789,124.59756
7790,170.84068
7791,24.483187
7792,13.250469
7793,8.745947
7794,-0.75724506
7795,2.034525
7796,8.253903
7797,17.335276
7798,7.507869
7799,3.581696
7800,10.415972
7801,151.94794
7802,13.888442
7803,5.419516
7804,2.086135
7805,-4.091309
7806,0.16374843
7807,31.043068
7808,4.7662644
7809,62.91088
7810,5.225084
7811,11.754726
7812,-49.094498
7813,22.220703
7814,16.72729
7815,9.90638
7816,2.6309114
7817,7.8445992
7818,7.9445868
7819,9.638607
7820,-4.9911413
7821,2.8757632
7822,-25.08011
7823,2.725626
7824,-14.897474
7825,3.3214076
7826,4.1940055
7827,4.230023
7828,21.330898
7829,13.537275
7830,8.597241
7831,11.516506
7832,26.965126
7833,6.521457
7834,-25.033752
7835,66.81849
7836,10.050016
7837,13.202399
7838,-30.167347
7839,2.117099
7840,1.2532206
7841,9.525838
7842,35.46411
7843,47.412884
7844,12.976612
7845,-11.721934
7846,91.45981
7847,25.926018
7848,29.767242
7849,5.6615314
7850,12.796428
7851,7.9699645
7852,2.6169605
7853,5.8083506
7854,5.2655706
7855,3.1317265
7856,4.032986
7857,5.8197737
7858,-55.48939
7859,36.219345
7860,58.13523
7861,-4.091309
7862,29.907213
7863,24.406055
7864,112.42118
7865,6.102837
7866,18.958193
7867,1.272728
7868,2.7284842
7869,1.8898962
7870,9.011589
7871,17.14773
7872,4.665997
7873,56.295353
7874,5.7868977
7875,3.5652568
7876,75.70349
7877,9.103947
7878,-58.860863
7879,-27.722446
7880,8.4898815
7881,3.4400928
7882,10.666689
7883,28.503908
7884,7.3678093
7885,-4.4948993
7886,18.043926
7887,4.9927883
7888,1.3394365
7889,58.901638
7890,-26.724987
7891,-127.71957
7892,-3.4804168
7893,4.60557
7894,-55.28476
7895,4.261586
7896,3.6416674
7897,11.203542
7898,3.4569802
7899,46.86805
7900,18.554136
7901,28.307487
7902,14.757678
7903,83.47722
7904,16.603104
7905,27.153315
7906,1.4462354
7907,10.755719
7908,-300.73462
7909,2.462391
7910,4.692775
7911,-6.236579
7912,-9.1128
7913,-100.1808
7914,-14.601779
7915,0.14747353
7916,1.8199515
7917,-5.731981
7918,7.0381227
7919,148.15291
7920,19.007833
7921,43.703987
7922,28.038906
7923,114.80278
7924,176.76303
7925,6.7354884
7926,59.391075
7927,20.648787
7928,-0.1368918
7929,18.757875
7930,0.8046533
7931,16.19739
7932,20.062847
7933,15.12844
7934,113.95711
7935,47.656315
7936,63.701935
7937,33.83989
7938,38.327576
7939,13.16704
7940,-62.79815
7941,25.394226
7942,34.472595
7943,4.945331
7944,3.560099
7945,15.133705
7946,14.52861
7947,9.084283
7948,44.755737
7949,-59.53351
7950,4.9401946
7951,212.27365
7952,5.340507
7953,70.33028
7954,17.75828
7955,0.48447728
7956,5.8138876
7957,37.27214
7958,116.234215
7959,4.559074
7960,28.786312
7961,10.641702
7962,88.50243
7963,10.566578
7964,1.6457473
7965,5.4577785
7966,4.365795
7967,-43.649006
7968,1.4308226
7969,6.753258
7970,-45.94082
7971,167.1576
7972,3.2847211
7973,10.241505
7974,5.2445784
7975,164.93037
7976,7.589461
7977,13.0382805
7978,6.624596
7979,65.64591
7980,6.7602415
7981,3.847354
7982,3.1741185
7983,4.611795
7984,1.1588998
7985,6.968387
7986,0.43291104
7987,-8.364322
7988,17.260656
7989,-2.2962897
7990,4.872233
7991,19.394705
7992,-0.04778993
7993,5.7078767
7994,76.84588
7995,-52.022602
7996,4.804652
7997,-83.574844
7998,-2.3444653
7999,1.633292
8000,40.65808
8001,1.450324
8002,2.3061302
8003,11.418428
8004,4.593899
8005,47.10086
8006,55.88311
8007,217.16188
8008,6.5463634
8009,13.647729
8010,37.441063
8011,5.674994
8012,9.196363
8013,29.732443
8014,4.833845
8015,-316.8251
8016,-17.817556
8017,34.43931
8018,75.15081
8019,49.443207
8020,-6.481062
8021,6.811167
8022,81.82254
8023,2.1221123
8024,28.854284
8025,80.774086
8026,-50.14701
8027,155.7331
8028,12.080316
8029,-59.809223
8030,9.643222
8031,18.591654
8032,129.07498
8033,139.92519
8034,-1.377813
8035,96.20876
8036,11.408832
8037,30.711664
8038,6.9685946
8039,1.6689659
8040,18.55888
8041,-17.86041
8042,5.9924707
8043,12.522143
8044,23.849035
8045,7.1244874
8046,2.0562308
8047,51.312473
8048,1.8188658
8049,20.607826
8050,7.151692
8051,37.423626
8052,85.17479
8053,3.2458901
8054,-88.92154
8055,4.667823
8056,83.244286
8057,1.971935
8058,1.8079475
8059,12.018586
8060,-62.498306
8061,1.8359331
8062,4.0346875
8063,12.291224
8064,20.020662
8065,4.03775
8066,68.35824
8067,6.6971006
8068,4.57368
8069,-9.041433
8070,94.0273
8071,5.6549773
8072,90.925
8073,2.0912852
8074,-11.870127
8075,9.8205595
8076,12.400302
8077,36.984226
8078,25.593018
8079,-0.9361063
8080,1.4979907
8081,-130.89948
8082,142.00993
8083,123.333595
8084,7.361177
8085,76.81277
8086,-34.81795
8087,47.15147
8088,10.463101
8089,2.9803278
8090,34.0609
8091,167.34186
8092,7.946092
8093,47.098927
8094,4.3772845
8095,12.572276
8096,2.5007257
8097,7.20614
8098,12.388589
8099,23.67289
8100,23.928616
8101,-40.951508
8102,37.81179
8103,67.05924
8104,25.240465
8105,124.47087
8106,7.0418906
8107,27.745317
8108,4.8717713
8109,28.773066
8110,10.105827
8111,12.054679
8112,159.38222
8113,-14.780695
8114,5.1814976
8115,2.7284842
8116,12.117137
8117,-99.2864
8118,65.26254
8119,14.9832325
8120,0.81178296
8121,48.31928
8122,-24.834675
8123,82.34866
8124,7.3571973
8125,-37.886158
8126,-8.394227
8127,3.639616
8128,88.453865
8129,142.75943
8130,167.36774
8131,148.18594
8132,79.76428
8133,19.409363
8134,2.0738778
8135,-7.824599
8136,6.496524
8137,148.95343
8138,-3.747768
8139,9.525838
8140,30.21736
8141,9.024794
8142,5.4218125
8143,50.15843
8144,18.776548
8145,12.448654
8146,1.4793652
8147,93.70169
8148,16.91112
8149,10.822073
8150,5.5921493
8151,8.97536
8152,1.5143224
8153,30.615528
8154,30.79886
8155,1.4396117
8156,8.208449
8157,9.053255
8158,5.369098
8159,25.494991
8160,15.048289
8161,1.6562318
8162,-5.6217227
8163,1.2092975
8164,36.095673
8165,-1.418871
8166,2.2237337
8167,78.64295
8168,156.76958
8169,2.7020109
8170,44.166183
8171,144.1886
8172,-0.84415704
8173,29.493408
8174,-0.83023554
8175,-22.596964
8176,11.207063
8177,124.96826
8178,-4.7474823
8179,12.023038
8180,76.17816
8181,49.973675
8182,1.5843343
8183,2.0338554
8184,1.273725
8185,-81.62949
8186,24.245298
8187,-75.7599
8188,11.489872
8189,-38.18082
8190,18.67762
8191,100.91072
8192,2.1484532
8193,14.149718
8194,1.2057414
8195,55.25887
8196,93.30423
8197,86.94733
8198,7.252129
8199,16.137644
8200,53.97103
8201,132.77365
8202,2.334936
8203,2.328723
8204,4.138818
8205,0.4733412
8206,26.828865
8207,3.4856033
8208,41.2789
8209,16.345201
8210,3.5144098
8211,26.361078
8212,12.807845
8213,4.559074
8214,16.324867
8215,83.682495
8216,15.625914
8217,-14.7236395
8218,58.91198
8219,3.9204016
8220,9.75251
8221,12.366881
8222,11.306551
8223,15.762047
8224,6.9707093
8225,172.08089
8226,32.014347
8227,35.150608
8228,154.20749
8229,75.90608
8230,8.076401
8231,1.3460323
8232,21.15377
8233,11.857091
8234,155.90527
8235,31.00621
8236,11.493903
8237,17.448265
8238,37.450645
8239,-32.51068
8240,12.804556
8241,19.448378
8242,20.27144
8243,-19.186327
8244,25.221424
8245,33.307434
8246,19.355541
8247,15.386386
8248,4.138251
8249,4.9687843
8250,3.201594
8251,3.1946986
8252,-4.847378
8253,7.1244874
8254,-9.406898
8255,64.81728
8256,28.621958
8257,56.773136
8258,27.960407
8259,6.155088
8260,3.5827138
8261,-20.464651
8262,73.575645
8263,12.550935
8264,34.544914
8265,-5.892634
8266,25.027416
8267,-9.138964
8268,2.9133098
8269,143.39226
8270,68.95625
8271,45.855865
8272,28.789656
8273,1.344621
8274,-8.558104
8275,-10.426191
8276,-12.672608
8277,-22.241829
8278,10.833249
8279,5.9503703
8280,4.012495
8281,4.6266546
8282,171.19522
8283,44.751225
8284,75.76574
8285,11.781081
8286,212.83942
8287,3.6065087
8288,-89.63598
8289,4.9580936
8290,-0.90536726
8291,10.571946
8292,6.752008
8293,120.78463
8294,2.9297683
8295,18.70234
8296,6.3994946
8297,117.06976
8298,61.750824
8299,98.56486
8300,87.51965
8301,12.073325
8302,48.172848
8303,6.2649097
8304,29.601612
8305,16.346771
8306,6.6294985
8307,4.7315135
8308,4.440479
8309,0.14225897
8310,6.2274227
8311,21.982481
8312,-340.02142
8313,12.059166
8314,5.6838574
8315,7.879835
8316,43.422188
8317,5.2620854
8318,7.6810718
8319,-2.3075066
8320,12.027888
8321,9.301183
8322,23.566774
8323,-13.415892
8324,-4.0625186
8325,49.082146
8326,24.565079
8327,49.277695
8328,16.422752
8329,30.286224
8330,11.661244
8331,4.8679943
8332,15.150512
8333,-10.811952
8334,38.466507
8335,86.434494
8336,9.984458
8337,128.68138
8338,7.856584
8339,12.589725
8340,70.456726
8341,-137.30685
8342,18.341972
8343,15.473079
8344,12.160014
8345,24.788904
8346,23.548948
8347,10.194017
8348,-4.109639
8349,24.683187
8350,15.219147
8351,29.343628
8352,108.171936
8353,25.179333
8354,3.1993074
8355,-8.978666
8356,25.537146
8357,22.163652
8358,-1.2604426
8359,5.5281067
8360,10.779582
8361,17.573372
8362,38.787594
8363,47.719246
8364,160.46365
8365,39.681248
8366,1.1865062
8367,3.9827187
8368,13.257492
8369,7.0952945
8370,24.072327
8371,21.137007
8372,142.8408
8373,7.5350537
8374,-311.53244
8375,-2.4868157
8376,4.8813934
8377,5.156221
8378,6.7807984
8379,2.5444171
8380,6.221472
8381,1.3989084
8382,4.012495
8383,27.568695
8384,110.7109
8385,19.966015
8386,7.032613
8387,3.7987103
8388,5.4524174
8389,6.2806883
8390,129.04413
8391,92.52023
8392,17.093376
8393,2.141499
8394,35.040657
8395,24.874302
8396,14.035801
8397,-10.803046
8398,49.443207
8399,6.054456
8400,4.0578294
8401,6.610715
8402,6.4017444
8403,3.6255503
8404,9.593419
8405,-1.5265151
8406,1.344621
8407,10.4322
8408,66.844925
8409,5.2583227
8410,2.596742
8411,25.659693
8412,8.340151
8413,197.9265
8414,66.88705
8415,-7.9364266
8416,-65.76202
8417,2.0354898
8418,7.439777
8419,34.38328
8420,8.68041
8421,93.206696
8422,71.14726
8423,4.0817347
8424,4.0817347
8425,51.672745
8426,92.478714
8427,6.5560303
8428,8.163521
8429,4.2914457
8430,4.0328493
8431,203.18008
8432,3.5086486
8433,3.302578
8434,6.972291
8435,4.5728455
8436,-63.468277
8437,5.3616924
8438,-24.251526
8439,6.9921665
8440,-0.16341756
8441,0.4134034
8442,139.3331
8443,4.721395
8444,17.676437
8445,3.5150933
8446,33.867424
8447,39.03849
8448,8.490412
8449,-34.853436
8450,-6.744094
8451,28.18116
8452,10.943538
8453,1.7085106
8454,23.36071
8455,52.39949
8456,3.9298859
8457,-2.3591552
8458,19.608978
8459,3.095948
8460,-34.52366
8461,-12.823964
8462,7.6414137
8463,53.010616
8464,73.49423
8465,0.7285445
8466,73.06247
8467,5.394327
8468,34.020287
8469,4.3049064
8470,28.389063
8471,-1.6851449
8472,16.269701
8473,16.039633
8474,35.53752
8475,0.96853864
8476,16.326897
8477,21.909294
8478,11.318932
8479,-33.8391
8480,3.2362924
8481,5.6360383
8482,4.795055
8483,-107.716324
8484,32.464592
8485,-19.534513
8486,9.692725
8487,-17.406712
8488,1.4598306
8489,9.414553
8490,61.075764
8491,3.0201478
8492,6.752008
8493,-183.83673
8494,34.29756
8495,46.331482
8496,9.550715
8497,4.6727443
8498,-252.67204
8499,4.440515
8500,87.340294
8501,5.486866
8502,2.670482
8503,6.3586645
8504,42.73438
8505,3.5220003
8506,185.06793
8507,5.726497
8508,5.5170226
8509,6.62952
8510,13.863949
8511,13.992534
8512,116.78316
8513,12.4333515
8514,13.212629
8515,6.7232747
8516,48.2888
8517,94.36545
8518,23.980196
8519,1.4064536
8520,15.367663
8521,-49.730766
8522,7.4466715
8523,4.555511
8524,4.9369006
8525,26.124998
8526,3.2052157
8527,40.00809
8528,-11.696285
8529,53.024723
8530,115.4412
8531,64.765
8532,122.711006
8533,109.8012
8534,17.88454
8535,9.049717
8536,-88.259415
8537,95.33234
8538,177.13031
8539,21.494204
8540,12.04519
8541,51.04761
8542,1.0991787
8543,3.2750828
8544,-11.2853365
8545,46.5886
8546,-10.831556
8547,103.038765
8548,4.3805814
8549,3.4662566
8550,8.530279
8551,78.90162
8552,5.686187
8553,5.1380916
8554,4.6827207
8555,13.05063
8556,1.1006192
8557,31.494816
8558,-1.2736675
8559,3.9879825
8560,148.92183
8561,-4.071963
8562,-21.944227
8563,1.6905203
8564,1.0443501
8565,5.7318344
8566,-31.08984
8567,3.846023
8568,6.5560303
8569,-33.911545
8570,27.81937
8571,1.900452
8572,4.164992
8573,-71.60679
8574,1.0865183
8575,-23.555824
8576,7.730183
8577,8.4898815
8578,42.80126
8579,25.470787
8580,10.058411
8581,2.462391
8582,45.90881
8583,31.794748
8584,7.7155137
8585,3.4870255
8586,6.4112787
8587,4.7674685
8588,1.8697584
8589,4.804652
8590,9.007798
8591,-6.236579
8592,204.3344
8593,17.843697
8594,25.188261
8595,45.098434
8596,0.2456157
8597,16.22438
8598,4.7662644
8599,12.225846
8600,6.556418
8601,-1.6082332
8602,1.1878049
8603,13.385643
8604,3.2750828
8605,51.409607
8606,65.87598
8607,1.4744935
8608,45.66808
8609,9.628056
8610,57.098564
8611,9.013879
8612,3.5420747
8613,-49.414402
8614,4.0767055
8615,7.7012906
8616,1.8347555
8617,4.071237
8618,105.03596
8619,158.93217
8620,141.03941
8621,3.8320942
8622,48.011795
8623,82.751724
8624,61.507824
8625,1.7012824
8626,7.003642
8627,5.0535836
8628,46.398407
8629,147.20312
8630,7.797764
8631,16.926443
8632,2.529161
8633,18.148905
8634,-82.63375
8635,2.8687103
8636,1.4563805
8637,18.23932
8638,10.670168
8639,174.32506
8640,90.50821
8641,29.646175
8642,1.5323814
8643,8.515334
8644,-52.17099
8645,54.635616
8646,144.82503
8647,11.452635
8648,210.16724
8649,-5.215184
8650,10.818704
8651,6.0090823
8652,1.7096272
8653,-16.417181
8654,-11.830538
8655,3.9813478
8656,66.56939
8657,40.503498
8658,2.3044305
8659,35.21904
8660,-279.7909
8661,3.5155966
8662,1.5133705
8663,37.926846
8664,18.283611
8665,2.0773342
8666,5.7786913
8667,67.620094
8668,25.284767
8669,9.706188
8670,18.301472
8671,-6.5896764
8672,-27.029108
8673,3.9174113
8674,4.4233017
8675,154.18674
8676,27.787943
8677,9.544853
8678,-7.4564257
8679,109.72562
8680,11.264708
8681,6.7032194
8682,2.5700574
8683,-26.920418
8684,10.558728
8685,6.5560303
8686,92.44098
8687,6.6119976
8688,46.503082
8689,-51.618484
8690,22.443249
8691,73.00111
8692,-51.045296
8693,95.2876
8694,5.281319
8695,11.921105
8696,45.29988
8697,14.791785
8698,8.9655695
8699,90.10809
8700,5.463813
8701,4.0567913
8702,23.320055
8703,11.090077
8704,5.851704
8705,142.49097
8706,22.402414
8707,8.849573
8708,-220.27644
8709,16.41729
8710,-13.353573
8711,-14.599194
8712,-7.4474993
8713,29.961351
8714,18.806435
8715,9.712096
8716,2.3765829
8717,21.543505
8718,5.295794
8719,-4.0529213
8720,25.296019
8721,3.3738642
8722,14.483369
8723,49.90397
8724,-0.95554864
8725,12.655253
8726,84.51474
8727,-87.35224
8728,36.244312
8729,3.0891414
8730,9.903288
8731,0.50120354
8732,-4.023017
8733,-2.4192348
8734,7.4866753
8735,20.008217
8736,4.5023537
8737,-22.67256
8738,6.8195887
8739,-12.590462
8740,11.137512
8741,144.70122
8742,-51.92472
8743,9.458717
8744,2.9763327
8745,18.416424
8746,8.836172
8747,2.766161
8748,-12.83116
8749,1.5091959
8750,8.711518
8751,1.8157141
8752,-777.04114
8753,9.901202
8754,42.21082
8755,12.272044
8756,7.062142
8757,4.6614795
8758,83.78626
8759,10.731702
8760,7.446534
8761,2.7947807
8762,-7.472949
8763,34.74454
8764,7.733674
8765,-5.231744
8766,-4.0529213
8767,5.8667736
8768,0.746305
8769,9.122874
8770,46.909554
8771,18.792427
8772,24.291422
8773,4.806842
8774,3.8986273
8775,13.446533
8776,3.0756395
8777,-64.24188
8778,4.7391047
8779,13.524767
8780,2.0816875
8781,-6.9116693
8782,95.61538
8783,131.20584
8784,31.75584
8785,2.3480036
8786,53.52547
8787,10.249519
8788,1.235716
8789,-27.5714
8790,0.691628
8791,-5.241341
8792,11.53709
8793,3.8642416
8794,11.072876
8795,74.37352
8796,9.244305
8797,-11.029757
8798,-22.71008
8799,-2.5681756
8800,42.664482
8801,15.018642
8802,-114.49569
8803,11.367624
8804,30.325212
8805,150.19972
8806,70.33604
8807,10.637448
8808,18.2878
8809,-86.85495
8810,0.43291104
8811,8.211093
8812,-3.3059669
8813,-87.406944
8814,7.330818
8815,13.939403
8816,7.941507
8817,19.180243
8818,2.3864613
8819,3.3505468
8820,6.829243
8821,10.887942
8822,-122.117775
8823,1.8276072
8824,-415.09955
8825,85.5366
8826,5.5313935
8827,162.65001
8828,0.9294498
8829,2.8019733
8830,-352.34314
8831,16.837149
8832,12.22894
8833,15.913464
8834,6.9711766
8835,2.393313
8836,71.063866
8837,17.018948
8838,4.555511
8839,1.5189227
8840,-75.22627
8841,14.044891
8842,-106.68917
8843,-3.4804168
8844,-48.753418
8845,1.0174365
8846,9.070121
8847,3.8322606
8848,12.99797
8849,146.70755
8850,5.1382427
8851,5.198477
8852,3.5518756
8853,13.126905
8854,22.689722
8855,4.533885
8856,29.707254
8857,3.0164778
8858,24.57882
8859,10.268784
8860,16.052853
8861,-29.749655
8862,11.627065
8863,1.1070892
8864,4.8348303
8865,1.7565732
8866,5.7798777
8867,24.853458
8868,6.6343145
8869,-2.2208188
8870,61.57994
8871,4.110756
8872,40.34836
8873,0.48582897
8874,13.255071
8875,8.207417
8876,10.732363
8877,28.960268
8878,4.1228743
8879,-33.911697
8880,-12.672608
8881,49.58193
8882,-78.61856
8883,4.0823846
8884,26.191736
8885,1.4046144
8886,34.211445
8887,1.0191612
8888,18.272045
8889,3.6720684
8890,-46.36747
8891,0.8656103
8892,19.040068
8893,-66.18189
8894,33.717373
8895,13.638573
8896,-20.555542
8897,-25.758429
8898,4.754192
8899,-0.6815185
8900,-14.605638
8901,1.910887
8902,70.036125
8903,-5.8504705
8904,5.9086823
8905,-4.0489173
8906,3.3670652
8907,129.68515
8908,12.174329
8909,3.5341408
8910,21.077623
8911,3.249894
8912,5.5371003
8913,11.853005
8914,-20.319998
8915,0.5117439
8916,0.9577278
8917,1.2061499
8918,4.874044
8919,-20.665928
8920,-25.785927
8921,-59.71486
8922,-14.008615
8923,89.62538
8924,3.561772
8925,6.8970523
8926,6.9203405
8927,6.572904
8928,26.582808
8929,14.492693
8930,27.638317
8931,34.657387
8932,6.894111
8933,34.627052
8934,4.4211054
8935,1.8263355
8936,23.089636
8937,1.9897788
8938,4.7662644
8939,4.566448
8940,5.3531837
8941,77.637
8942,21.000717
8943,205.12231
8944,9.615726
8945,3.6512647
8946,67.42129
8947,17.525831
8948,33.078
8949,7.4700894
8950,76.51501
8951,17.053976
8952,72.842
8953,11.999475
8954,-0.46827924
8955,10.729529
8956,24.409101
8957,4.1372733
8958,6.4387527
8959,-14.524406
8960,195.98192
8961,-52.57072
8962,-34.3666
8963,89.228004
8964,16.353754
8965,36.20421
8966,27.7117
8967,28.017984
8968,47.867573
8969,200.03647
8970,1.1643212
8971,62.141014
8972,23.83199
8973,1.9331284
8974,1.2592399
8975,9.612434
8976,27.616238
8977,45.589233
8978,1.1301386
8979,2.9763327
8980,-9.582978
8981,22.128199
8982,-11.136327
8983,6.027349
8984,9.54392
8985,-15.005102
8986,3.5438333
8987,-276.45547
8988,3.2158597
8989,3.9166515
8990,-26.29931
8991,-118.70753
8992,-21.163328
8993,6.752008
8994,1.592509
8995,1.6094364
8996,79.129
8997,37.027786
8998,2.5440738
8999,3.5587206
9000,13.483854
9001,19.327995
9002,18.690294
9003,151.28409
9004,7.5048027
9005,3.4394429
9006,6.020719
9007,3.687665
9008,-175.90466
9009,4.8972178
9010,81.97083
9011,3.4662566
9012,63.677185
9013,134.28282
9014,12.332721
9015,8.109516
9016,-65.609825
9017,-5.8434153
9018,60.305855
9019,-1.7230499
9020,1.36279
9021,70.44493
9022,6.9933753
9023,88.18514
9024,-71.86366
9025,24.02659
9026,9.907028
9027,-20.018724
9028,-48.170406
9029,2.0773342
9030,12.522143
9031,110.2699
9032,5.3390603
9033,71.521
9034,160.434
9035,8.725252
9036,5.0879927
9037,17.81282
9038,115.38503
9039,8.703198
9040,2.820492
9041,52.82619
9042,10.417257
9043,7.9719286
9044,17.919806
9045,-6.481062
9046,-67.12577
9047,23.674356
9048,4.269895
9049,-18.00391
9050,2.1895742
9051,7.831666
9052,1.445759
9053,156.22205
9054,11.41098
9055,4.0328493
9056,-46.55868
9057,-302.7244
9058,30.774714
9059,32.0761
9060,172.94432
9061,3.207502
9062,0.22108789
9063,-6.2875996
9064,17.78173
9065,-50.098824
9066,-31.501814
9067,5.9405084
9068,9.27534
9069,-13.211843
9070,4.1940055
9071,9.312931
9072,6.9611726
9073,-48.277374
9074,-12.594185
9075,-45.50954
9076,5.1268816
9077,11.880659
9078,-30.986988
9079,-42.85443
9080,-795.10126
9081,6.6355495
9082,21.30618
9083,1.900452
9084,156.35733
9085,-8.289703
9086,5.8757486
9087,60.448143
9088,9.579171
9089,162.351
9090,-43.015335
9091,6.6583104
9092,-12.69165
9093,7.144867
9094,0.2846444
9095,5.2414083
9096,12.634089
9097,-1.8352615
9098,7.8263173
9099,27.745811
9100,8.976251
9101,4.977955
9102,52.07978
9103,14.400178
9104,12.745057
9105,3.4371693
9106,1.9874932
9107,3.2458901
9108,60.950752
9109,1.1685613
9110,1.9629976
9111,1.4648005
9112,13.048662
9113,12.08533
9114,15.580314
9115,78.98296
9116,-0.23505019
9117,8.743325
9118,-5.5753393
9119,17.660715
9120,135.0655
9121,-2.563886
9122,22.21602
9123,6.446724
9124,5.3619685
9125,1.1014882
9126,15.762855
9127,3.5261977
9128,-149.04723
9129,13.380048
9130,3.6317697
9131,4.6266546
9132,41.390144
9133,31.636349
9134,161.9877
9135,-99.23219
9136,9.990303
9137,4.7170596
9138,36.01355
9139,13.299688
9140,9.236405
9141,-102.864914
9142,-1.2495795
9143,6.7703023
9144,38.262592
9145,7.8235416
9146,18.708967
9147,38.425457
9148,32.22821
9149,31.203623
9150,6.892192
9151,8.40404
9152,128.87354
9153,84.05897
9154,67.323555
9155,109.35736
9156,6.2221665
9157,1.6566669
9158,-3.977779
9159,54.619884
9160,8.878346
9161,21.690918
9162,-12.729748
9163,20.473675
9164,13.794737
9165,6.9133434
9166,28.275368
9167,-13.975795
9168,-5.931252
9169,26.880833
9170,-0.44670445
9171,12.273007
9172,7.7890034
9173,8.298222
9174,10.318295
9175,3.095052
9176,1.0712028
9177,33.46875
9178,25.752966
9179,57.37322
9180,26.126839
9181,20.07294
9182,66.93934
9183,-46.845383
9184,18.110737
9185,92.35001
9186,25.014063
9187,13.649277
9188,6.1938663
9189,70.87228
9190,43.75411
9191,1.8359331
9192,-1.0162613
9193,7.0067573
9194,41.65282
9195,5.3787274
9196,1.405221
9197,42.197414
9198,88.982376
9199,59.81315
9200,6.7446923
9201,48.88953
9202,167.44772
9203,99.94532
9204,27.903183
9205,9.196983
9206,142.091
9207,56.660957
9208,29.432432
9209,17.55635
9210,-51.296246
9211,16.543848
9212,8.914427
9213,4.6230917
9214,207.1819
9215,-61.7266
9216,13.833009
9217,-110.45922
9218,9.307651
9219,7.4665766
9220,47.888515
9221,128.22308
9222,13.958352
9223,-126.519905
9224,70.37263
9225,0.7370722
9226,9.129175
9227,21.330822
9228,44.65348
9229,24.748934
9230,41.339375
9231,25.188328
9232,9.881805
9233,16.072056
9234,33.733597
9235,8.911871
9236,169.26582
9237,1.0719509
9238,39.503014
9239,146.49069
9240,24.370968
9241,8.237241
9242,4.769866
9243,35.37596
9244,7.5088468
9245,12.542136
9246,93.70294
9247,-14.616164
9248,88.79861
9249,2.9763327
9250,158.49304
9251,19.586761
9252,40.20102
9253,3.3488905
9254,2.7045383
9255,-8.326646
9256,-25.244408
9257,25.663345
9258,12.804556
9259,3.649277
9260,0.43384606
9261,13.914427
9262,25.69123
9263,3.9464853
9264,-4.2645993
9265,-6.163398
9266,5.0735974
9267,128.92738
9268,8.191686
9269,0.39523432
9270,1.0952262
9271,-5.696777
9272,12.044832
9273,32.41399
9274,-12.681767
9275,80.22779
9276,3.0756395
9277,-44.717
9278,-132.6771
9279,26.391771
9280,1.3615048
9281,-13.352653
9282,24.092669
9283,16.915249
9284,3.9215386
9285,1.983359
9286,-23.568176
9287,30.372631
9288,68.35957
9289,3.9430685
9290,-15.254144
9291,26.42619
9292,-8.413933
9293,-30.176693
9294,3.5393877
9295,7.964612
9296,81.12341
9297,-10.191586
9298,7.873575
9299,6.642719
9300,23.669424
9301,4.687778
9302,15.61085
9303,5.44569
9304,7.3571973
9305,3.5876424
9306,35.809464
9307,51.725983
9308,6.7616625
9309,-52.046215
9310,60.60326
9311,6.5560303
9312,67.51485
9313,-25.85604
9314,131.11758
9315,48.481762
9316,10.1102705
9317,-11.774783
9318,1.3685246
9319,-27.572315
9320,3.5084474
9321,0.9889643
9322,-6.481062
9323,-2.7642322
9324,-10.492017
9325,2.1332886
9326,-3.441674
9327,15.5149765
9328,8.879972
9329,-1.6305192
9330,31.181221
9331,2.8638
9332,76.169754
9333,25.472345
9334,58.555614
9335,123.671555
9336,124.682526
9337,4.1768336
9338,20.600222
9339,12.949404
9340,21.568096
9341,27.691263
9342,15.979389
9343,-11.615491
9344,12.463056
9345,4.917859
9346,-13.739999
9347,3.673325
9348,-8.485756
9349,9.222536
9350,29.384798
9351,1.4648005
9352,2.2364774
9353,7.2837076
9354,3.3105028
9355,12.5675
9356,-4.152916
9357,26.158817
9358,-162.97252
9359,6.920321
9360,3.4662566
9361,23.07963
9362,47.031345
9363,-36.114143
9364,9.544853
9365,-99.294044
9366,3.293198
9367,4.02951
9368,1.2721269
9369,16.63709
9370,174.35573
9371,92.787224
9372,2.7585835
9373,54.122276
9374,9.207099
9375,1.2061491
9376,145.61438
9377,2.5101194
9378,44.34843
9379,8.725827
9380,8.269602
9381,10.69968
9382,17.439209
9383,95.24199
9384,148.09921
9385,9.988321
9386,11.213686
9387,7.072293
9388,-22.110245
9389,22.16198
9390,-21.406084
9391,-232.12387
9392,3.581696
9393,6.6649637
9394,-4.091309
9395,85.96351
9396,26.272245
9397,6.076663
9398,4.860019
9399,-14.095713
9400,72.313866
9401,1.6171227
9402,30.347717
9403,17.608856
9404,13.184228
9405,12.478796
9406,-8.417936
9407,6.970542
9408,10.952065
9409,4.0184035
9410,12.475326
9411,5.8357625
9412,-12.013394
9413,63.39473
9414,2.2113678
9415,1.4466314
9416,5.425425
9417,-2.5109057
9418,60.450302
9419,16.7122
9420,-36.3897
9421,5.404829
9422,9.0784445
9423,23.169931
9424,8.189695
9425,4.6266546
9426,6.345404
9427,2.529161
9428,4.6989756
9429,1.8659952
9430,3.687665
9431,-11.739019
9432,4.97052
9433,3.5614235
9434,4.973032
9435,-7.5256634
9436,-47.655697
9437,47.72815
9438,-1.8526338
9439,8.572919
9440,4.0246663
9441,7.2822523
9442,2.9145129
9443,-128.08746
9444,-50.95207
9445,-19.24917
9446,76.6436
9447,5.415442
9448,-8.140826
9449,-0.24619858
9450,25.259762
9451,4.408004
9452,29.923988
9453,3.1573703
9454,32.78882
9455,-3.4223275
9456,-35.085426
9457,0.16862424
9458,22.18991
9459,60.65867
9460,2.2106757
9461,35.70658
9462,8.765677
9463,151.87518
9464,-59.89974
9465,4.595955
9466,0.3761928
9467,4.309704
9468,10.24368
9469,127.383675
9470,-4.890683
9471,-43.21034
9472,3.1884604
9473,51.1173
9474,-386.9458
9475,4.7662644
9476,7.140328
9477,-37.598602
9478,-103.39771
9479,-22.856112
9480,75.022736
9481,26.708675
9482,-23.062775
9483,19.037292
9484,56.26231
9485,115.2232
9486,175.83618
9487,4.8572373
9488,32.067505
9489,14.106874
9490,-8.140835
9491,32.045498
9492,72.53589
9493,32.869728
9494,17.608372
9495,39.5582
9496,1.07803
9497,36.041332
9498,110.96571
9499,7.003642
9500,-106.273994
9501,-89.26954
9502,5.2038546
9503,3.7794068
9504,19.844511
9505,46.67553
9506,142.96384
9507,-52.25158
9508,6.120069
9509,1.2271127
9510,12.794596
9511,9.287397
9512,46.161304
9513,7.2322197
9514,9.041892
9515,18.118242
9516,35.46411
9517,44.542835
9518,9.544853
9519,2.6584573
9520,4.852921
9521,-26.946672
9522,3.8310463
9523,9.369817
9524,33.34
9525,9.4073515
9526,90.77535
9527,2.2859116
9528,-8.362571
9529,9.747158
9530,-336.06558
9531,109.37947
9532,3.495047
9533,1.8347555
9534,6.5560303
9535,16.441769
9536,2.7486498
9537,14.32054
9538,1.4648005
9539,-6.1742606
9540,1.1016637
9541,26.997694
9542,101.42393
9543,1.4326679
9544,7.055309
9545,5.21209
9546,150.68307
9547,38.576923
9548,14.090338
9549,36.155132
9550,16.275848
9551,5.765777
9552,36.352093
9553,8.907779
9554,17.653622
9555,3.5369823
9556,31.293798
9557,1.1444137
9558,7.637832
9559,80.84842
9560,99.62337
9561,47.04134
9562,105.79625
9563,27.933805
9564,121.77008
9565,58.287968
9566,2.6335335
9567,158.69916
9568,27.611055
9569,4.869011
9570,11.63975
9571,10.715397
9572,20.826675
9573,73.19878
9574,21.846266
9575,79.76428
9576,1.4648005
9577,1.8347555
9578,15.351083
9579,17.76923
9580,124.53845
9581,2.8194227
9582,3.7188456
9583,-182.58551
9584,-10.622115
9585,3.1616707
9586,14.247162
9587,118.628716
9588,2.7780728
9589,3.4692461
9590,-271.6533
9591,-46.99676
9592,12.589495
9593,48.528526
9594,-1.659246
9595,10.122817
9596,28.060564
9597,21.292562
9598,16.745066
9599,8.308646
9600,6.5560303
9601,60.903294
9602,18.129753
9603,4.309704
9604,-15.615324
9605,6.2649097
9606,8.333829
9607,175.76314
9608,18.323586
9609,2.3196661
9610,3.1730373
9611,3.2799356
9612,2.7678916
9613,1.8445677
9614,1.4542745
9615,-52.837563
9616,13.124082
9617,4.138251
9618,155.88422
9619,6.5560303
9620,5.0163527
9621,-108.196945
9622,21.30595
9623,10.566967
9624,49.082146
9625,65.00389
9626,2.4057846
9627,9.152486
9628,6.649785
9629,13.354414
9630,5.3369055
9631,6.63971
9632,9.137688
9633,3.211864
9634,0.8612419
9635,15.454727
9636,16.941837
9637,10.29113
9638,1.4150314
9639,7.753437
9640,-26.214207
9641,8.373775
9642,7.454999
9643,5.851704
9644,8.365311
9645,-0.29790154
9646,20.710777
9647,8.962249
9648,-14.367735
9649,4.205572
9650,1.8669922
9651,12.0294895
9652,5.567243
9653,35.371372
9654,31.074001
9655,2.473031
9656,-40.590237
9657,4.808656
9658,31.63902
9659,-2.4964132
9660,20.555805
9661,9.062539
9662,-23.725481
9663,4.6216373
9664,-4.9401474
9665,-55.023087
9666,5.4272285
9667,3.9164155
9668,-52.88129
9669,2.086135
9670,43.61729
9671,51.482143
9672,21.962748
9673,0.26761404
9674,201.42197
9675,-9.8155155
9676,19.691185
9677,4.6014657
9678,-167.63008
9679,24.322948
9680,-8.753824
9681,70.96594
9682,54.938473
9683,72.69056
9684,10.87048
9685,5.3457613
9686,133.23222
9687,21.59796
9688,8.634574
9689,22.383251
9690,90.224434
9691,1.5656273
9692,28.529097
9693,14.651598
9694,2.7651224
9695,27.572334
9696,12.808593
9697,1.0431604
9698,-5.6142063
9699,-18.97006
9700,-8.432754
9701,-2.7218401
9702,-0.88756686
9703,0.58721536
9704,45.586613
9705,14.6046
9706,16.869043
9707,-29.594296
9708,1.7589504
9709,11.909566
9710,-75.01697
9711,9.3461685
9712,45.249893
9713,4.4977903
9714,6.8472753
9715,4.8319073
9716,0.35102054
9717,5.567843
9718,-130.72037
9719,5.697268
9720,66.7783
9721,171.9841
9722,-129.60254
9723,33.32
9724,23.871025
9725,-8.394227
9726,8.577492
9727,47.776806
9728,99.838066
9729,-97.30729
9730,-0.8661194
9731,154.95006
9732,17.874899
9733,17.605547
9734,84.83819
9735,-75.50956
9736,-8.940279
9737,23.380604
9738,87.04772
9739,10.258752
9740,-6.5611296
9741,12.400302
9742,6.1983824
9743,9.593419
9744,6.420143
9745,13.350769
9746,-22.481031
9747,9.043809
9748,2.6473722
9749,80.733826
9750,66.09267
9751,199.94012
9752,12.481989
9753,4.6213923
9754,33.996124
9755,82.93503
9756,5.614122
9757,10.512107
9758,9.516273
9759,34.172775
9760,-19.819714
9761,30.343029
9762,-6.5896764
9763,12.15665
9764,8.504737
9765,7.6433296
9766,2.28097
9767,3.4662566
9768,-8.324872
9769,64.12291
9770,7.507869
9771,-22.029676
9772,5.684463
9773,5.134774
9774,72.4406
9775,2.4566505
9776,38.44853
9777,4.6213923
9778,29.630606
9779,0.87563175
9780,151.13423
9781,70.96912
9782,-45.015457
9783,2.2733974
9784,-61.83679
9785,-19.736155
9786,2.3478677
9787,14.6025095
9788,2.052427
9789,-270.3365
9790,-1.9288871
9791,-29.087116
9792,3.3737264
9793,5.162456
9794,76.66204
9795,44.75745
9796,29.600475
9797,18.376116
9798,19.031681
9799,3.2617745
9800,56.62544
9801,44.27114
9802,4.745134
9803,5.419516
9804,22.813639
9805,-180.01038
9806,119.218254
9807,48.045605
9808,2.5109916
9809,4.1620183
9810,40.075462
9811,7.330818
9812,2.2471855
9813,8.352489
9814,-21.765642
9815,-25.545149
9816,-4.0529213
9817,2.070298
9818,3.7069786
9819,4.0569415
9820,8.154269
9821,9.02781
9822,1.756745
9823,1.3638809
9824,91.692825
9825,9.647134
9826,15.586783
9827,0.22660026
9828,3.3538067
9829,22.235037
9830,-37.941006
9831,22.956793
9832,-6.744434
9833,36.288555
9834,47.730263
9835,-6.326345
9836,2.2067783
9837,9.291645
9838,85.17479
9839,6.034263
9840,19.609594
9841,5.02783
9842,19.992254
9843,23.858013
9844,7.810057
9845,36.534245
9846,12.482307
9847,6.158017
9848,3.5338376
9849,6.5955925
9850,18.157747
9851,5.1786737
9852,75.36011
9853,61.841324
9854,-9.6590185
9855,2.7473924
9856,146.89737
9857,-353.91113
9858,-29.369997
9859,3.2474139
9860,26.14159
9861,4.9683604
9862,25.178896
9863,3.613789
9864,7.099272
9865,-4.9911413
9866,-534.9298
9867,9.417979
9868,4.012495
9869,51.24127
9870,114.10155
9871,-71.46212
9872,-6.7888913
9873,4.7182875
9874,138.75636
9875,47.912884
9876,19.679636
9877,32.742653
9878,33.149506
9879,18.991562
9880,8.976354
9881,6.640485
9882,27.45432
9883,-7.9143634
9884,189.91618
9885,3.003257
9886,3.2989702
9887,43.65401
9888,7.903811
9889,70.964584
9890,12.793829
9891,3.1748238
9892,-8.897339
9893,111.18652
9894,44.388275
9895,69.72082
9896,-7.2571588
9897,3.4751496
9898,4.7662644
9899,7.1506615
9900,14.619171
9901,11.153903
9902,26.317846
9903,0.50120354
9904,5.221466
9905,16.403553
9906,23.780777
9907,6.6971006
9908,2.1039927
9909,128.95374
9910,4.13256
9911,23.446299
9912,5.930125
9913,-40.58147
9914,-66.33622
9915,3.4662566
9916,-6.822863
9917,12.341115
9918,6.935068
9919,12.887387
9920,-2.5244923
9921,5.073111
9922,6.649785
9923,6.635741
9924,22.096132
9925,8.923303
9926,167.31973
9927,6.04101
9928,5.884238
9929,13.775228
9930,4.6596036
9931,143.29256
9932,5.2760425
9933,14.106964
9934,3.5046449
9935,15.414379
9936,81.43478
9937,18.20424
9938,21.054583
9939,12.940327
9940,4.747664
9941,-6.0208945
9942,12.949404
9943,91.302986
9944,67.83253
9945,23.084862
9946,17.171827
9947,86.77638
9948,-799.5256
9949,28.120085
9950,20.850824
9951,4.833845
9952,0.8298421
9953,37.70252
9954,2.2601345
9955,5.471203
9956,11.648102
9957,3.095052
9958,61.6061
9959,-1.7081155
9960,65.15952
9961,29.646175
9962,4.4215813
9963,5.0163527
9964,23.362495
9965,98.279076
9966,-12.872535
9967,31.537647
9968,-2.3283076
9969,20.000593
9970,1.2512408
9971,-5.08059
9972,-2.4433248
9973,-7.4042263
9974,2.40545
9975,-21.573193
9976,58.111828
9977,13.124082
9978,65.99385
9979,29.33299
9980,155.57353
9981,52.861286
9982,8.591321
9983,30.41061
9984,6.4415956
9985,40.700886
9986,21.083683
9987,30.828966
9988,35.289764
9989,4.241921
9990,7.067966
9991,9.619592
9992,17.988739
9993,0.47618037
9994,0.6601569
